{
  "pools": [
    {
      "rolls": 1,
      "entries": [
        {
          "type": "minecraft:item",
          "name": "minecraft:trident",
          "functions": [
            {
              "function": "minecraft:set_name",
              "name": {
                "text": "Ripper",
                "color": "dark_aqua",
                "italic": "false"
              }
            },
            {
              "function": "minecraft:set_enchantments",
              "enchantments": {
                "minecraft:riptide": {
                  "min": 3,
                  "max": 5
                }
              }
            }
          ]
        },
        {
          "type": "minecraft:item",
          "name": "minecraft:totem_of_undying",
          "functions": [
            {
              "function": "minecraft:set_attributes",
              "modifiers": [
                {
                  "attribute": "minecraft:generic.luck",
                  "name": "ps-mob.lucky_charm",
                  "amount": 1,
                  "operation": "addition",
                  "id": "42600878-6e02-419a-97b4-695e8e4e3e14",
                  "slot": "mainhand"
                }
              ]
            },
            {
              "function": "minecraft:set_enchantments",
              "enchantments": {
                "minecraft:protection": 1
              }
            },
            {
              "function": "minecraft:set_name",
              "name": {
                "text": "Lucky Charm",
                "color": "dark_green",
                "italic": "false"
              }
            }
          ]
        },
        {
          "type": "minecraft:item",
          "name": "minecraft:netherite_hoe",
          "functions": [
            {
              "function": "minecraft:set_name",
              "name": {
                "text": "Reaper's Scythe",
                "color": "black",
                "italic": "false",
                "bold": "true"
              }
            },
            {
              "function": "minecraft:set_enchantments",
              "enchantments": {
                "minecraft:sharpness": {
                  "min": 1,
                  "max": 5
                },
                "minecraft:vanishing_curse": 1
              }
            }
          ]
        },
        {
          "type": "minecraft:item",
          "name": "minecraft:trident",
          "functions": [
            {
              "function": "minecraft:set_name",
              "name": {
                "text": "Poseidon's Trident",
                "color": "dark_aqua",
                "italic": "false"
              }
            },
            {
              "function": "minecraft:set_enchantments",
              "enchantments": {
                "minecraft:sharpness": {
                  "min": 2,
                  "max": 5
                }
              }
            }
          ]
        },
        {
          "type": "minecraft:item",
          "name": "minecraft:bow",
          "functions": [
            {
              "function": "minecraft:set_name",
              "name": {
                "text": "Cornucopia",
                "color": "gold",
                "italic": "false"
              }
            },
            {
              "function": "minecraft:set_enchantments",
              "enchantments": {
                "minecraft:looting": {
                  "min": 1,
                  "max": 3
                }
              }
            }
          ]
        },
        {
          "type": "minecraft:item",
          "name": "minecraft:totem_of_undying",
          "functions": [
            {
              "function": "minecraft:set_name",
              "name": {
                "text": "YOLO",
                "color": "dark_red",
                "italic": "false"
              }
            },
            {
              "function": "minecraft:set_enchantments",
              "enchantments": {
                "minecraft:vanishing_curse": 1
              }
            }
          ]
        }
      ]
    }
  ]
}
