{
  "feature": "geophilic:birch_tree_moss_patch",
  "placement": [
    {
      "type": "minecraft:count",
      "count": 4
    },
    {
      "type": "minecraft:rarity_filter",
      "chance": 1
    },
    {
      "type": "minecraft:heightmap",
      "heightmap": "OCEAN_FLOOR"
    },
    {
      "type": "minecraft:in_square"
    },
    {
      "type": "minecraft:biome"
    },
    {
      "type": "minecraft:surface_water_depth_filter",
      "max_water_depth": 0
    }
  ]
}
  